First Name,Last Name,Company,Job Title,Industry,Email,Country
Elijah,Anderson,FutureNetworks,Marketing Director,Energy,elijah.anderson810@example.com,Global
Jacob,Smith,CloudSystems,Chief Financial Officer,Consulting,jacob.smith226@example.com,Global
Michael,Brown,DynamicGroup,Marketing Director,Healthcare,michael.brown523@example.com,Global
Mason,Smith,GlobalConsulting,Director of Operations,Energy,mason.smith376@example.com,Global
Luna,Jones,PrimeLabs,Chief Financial Officer,Consulting,luna.jones681@example.com,Global
Lucas,Wilson,NexaIndustries,Managing Director,Consulting,lucas.wilson989@example.com,Global
Liam,Garcia,BrightSolutions,CEO,Energy,liam.garcia369@example.com,Global
Jacob,Wilson,VertexDynamics,Managing Director,Insurance,jacob.wilson971@example.com,Global
Emma,Davis,AlphaNetworks,Marketing Director,Retail,emma.davis624@example.com,Global
Daniel,Martin,FutureIndustries,Managing Director,Marketing,daniel.martin264@example.com,Global
Emma,Lopez,CloudAnalytics,VP Sales,Biotechnology,emma.lopez143@example.com,Global
Henry,Taylor,NexaDynamics,Chief Marketing Officer,Telecommunications,henry.taylor766@example.com,Global
Mia,Williams,QuantumEnterprises,Business Development Manager,Retail,mia.williams958@example.com,Global
Luna,Smith,TechSystems,Chief Marketing Officer,Logistics,luna.smith675@example.com,Global
Ella,Garcia,DataTechnologies,Chief Technology Officer,Retail,ella.garcia814@example.com,Global
Jackson,Davis,VertexAnalytics,VP Sales,Finance,jackson.davis357@example.com,Global
Alexander,Martin,CloudTechnologies,Chief Financial Officer,Retail,alexander.martin710@example.com,Global
Charlotte,Thomas,GlobalAnalytics,Operations Manager,Retail,charlotte.thomas267@example.com,Global
Logan,Brown,NextLabs,Business Development Manager,Insurance,logan.brown210@example.com,Global
James,Hernandez,TechSolutions,Managing Director,Finance,james.hernandez765@example.com,Global
Elijah,Johnson,BrightSoftware,Chief Marketing Officer,Marketing,elijah.johnson468@example.com,Global
Isabella,Johnson,PrimeAnalytics,Founder,Biotechnology,isabella.johnson647@example.com,Global
James,Davis,DigitalGroup,Operations Manager,Education,james.davis102@example.com,Global
Liam,Jones,CloudIndustries,Sales Director,Real Estate,liam.jones204@example.com,Global
Evelyn,Brown,BrightLabs,Chief Financial Officer,Finance,evelyn.brown318@example.com,Global
Isabella,Martin,BrightSystems,Business Development Manager,Software,isabella.martin409@example.com,Global
Elijah,Gonzalez,NextGroup,VP Sales,Telecommunications,elijah.gonzalez828@example.com,Global
Ella,Brown,GlobalDynamics,Chief Technology Officer,Insurance,ella.brown680@example.com,Global
Elizabeth,Wilson,GlobalAnalytics,CEO,Consulting,elizabeth.wilson635@example.com,Global
Oliver,Lopez,BrightIndustries,VP Sales,Consulting,oliver.lopez611@example.com,Global
Ethan,Brown,BlueEnterprises,CEO,Biotechnology,ethan.brown525@example.com,Global
Alexander,Smith,DigitalTechnologies,Operations Manager,Biotechnology,alexander.smith34@example.com,Global
Noah,Hernandez,AlphaSystems,Marketing Director,Marketing,noah.hernandez939@example.com,Global
Alexander,Martinez,NextConsulting,Marketing Director,Education,alexander.martinez257@example.com,Global
Liam,Hernandez,DataSystems,Chief Financial Officer,Biotechnology,liam.hernandez195@example.com,Global
Mia,Taylor,DigitalSolutions,Director of Operations,Manufacturing,mia.taylor938@example.com,Global
Ella,Miller,BrightConsulting,Chief Technology Officer,Real Estate,ella.miller193@example.com,Global
Camila,Smith,DigitalGroup,Chief Financial Officer,Manufacturing,camila.smith665@example.com,Global
Harper,Gonzalez,PrimeGroup,Founder,Logistics,harper.gonzalez846@example.com,Global
Noah,Anderson,TechGroup,Chief Technology Officer,Education,noah.anderson307@example.com,Global
Liam,Lopez,BlueSystems,Chief Technology Officer,Real Estate,liam.lopez420@example.com,Global
Emma,Lee,NexaIndustries,Managing Director,Healthcare,emma.lee686@example.com,Global
Luna,Williams,DigitalIndustries,Founder,Biotechnology,luna.williams939@example.com,Global
Ella,Hernandez,CloudSoftware,Sales Director,Marketing,ella.hernandez904@example.com,Global
Jackson,Jackson,BrightEnterprises,Chief Marketing Officer,Marketing,jackson.jackson897@example.com,Global
Sophia,Jackson,BrightSystems,Chief Marketing Officer,Manufacturing,sophia.jackson12@example.com,Global
Benjamin,Brown,PrimeSolutions,Founder,Logistics,benjamin.brown497@example.com,Global
Lucas,Perez,NexaIndustries,VP Sales,Insurance,lucas.perez79@example.com,Global
Noah,Lopez,PrimeTechnologies,VP Marketing,Healthcare,noah.lopez580@example.com,Global
Lucas,Miller,VertexSoftware,Business Development Manager,Retail,lucas.miller701@example.com,Global
